id_municipio,particao
1100015,validacao
1100023,treino
1100031,treino
1100049,treino
1100056,treino
1100064,validacao
1100072,treino
1100080,validacao
1100098,teste
1100106,treino
1100114,treino
1100122,treino
1100130,teste
1100148,treino
1100155,treino
1100189,teste
1100205,treino
1100254,teste
1100262,treino
1100288,validacao
1100296,treino
1100304,validacao
1100320,validacao
1100338,teste
1100346,treino
1100379,treino
1100403,teste
1100452,validacao
1100502,treino
1100601,teste
1100700,treino
1100809,treino
1100908,treino
1100924,teste
1100940,validacao
1101005,treino
1101104,treino
1101203,teste
1101302,validacao
1101401,treino
1101435,treino
1101450,treino
1101468,validacao
1101476,teste
1101484,teste
1101492,treino
1101500,treino
1101559,teste
1101609,treino
1101708,treino
1101757,treino
1101807,treino
1200013,treino
1200054,treino
1200104,treino
1200138,validacao
1200179,treino
1200203,treino
1200252,treino
1200302,treino
1200328,treino
1200336,teste
1200344,treino
1200351,teste
1200385,treino
1200393,teste
1200401,treino
1200427,treino
1200435,validacao
1200450,teste
1200500,teste
1200609,validacao
1200708,treino
1200807,validacao
1300029,treino
1300060,validacao
1300086,treino
1300102,treino
1300144,treino
1300201,teste
1300300,teste
1300409,treino
1300508,treino
1300607,treino
1300631,teste
1300680,treino
1300706,treino
1300805,treino
1300839,teste
1300904,validacao
1301001,teste
1301100,validacao
1301159,treino
1301209,teste
1301308,treino
1301407,teste
1301506,validacao
1301605,validacao
1301654,treino
1301704,treino
1301803,teste
1301852,treino
1301902,teste
1301951,treino
1302009,treino
1302108,treino
1302207,teste
1302306,teste
1302405,validacao
1302504,teste
1302553,validacao
1302603,validacao
1302702,validacao
1302801,treino
1302900,treino
1303007,validacao
1303106,treino
1303205,treino
1303304,treino
1303403,treino
1303502,treino
1303536,teste
1303569,treino
1303601,validacao
1303700,treino
1303809,treino
1303908,treino
1303957,treino
1304005,treino
1304062,treino
1304104,treino
1304203,treino
1304237,teste
1304260,treino
1304302,treino
1304401,teste
1500107,treino
1500131,treino
1500206,treino
1500305,treino
1500347,validacao
1500404,treino
1500503,treino
1500602,treino
1500701,teste
1500800,validacao
1500859,treino
1500909,treino
1500958,validacao
1501006,teste
1501105,treino
1501204,teste
1501253,validacao
1501303,treino
1501402,treino
1501451,treino
1501501,treino
1501576,teste
1501600,validacao
1501709,treino
1501725,treino
1501758,validacao
1501782,treino
1501808,treino
1501907,validacao
1501956,treino
1502004,treino
1502103,teste
1502152,teste
1502202,validacao
1502301,treino
1502400,treino
1502509,treino
1502608,treino
1502707,validacao
1502756,treino
1502764,treino
1502772,teste
1502806,treino
1502855,teste
1502905,treino
1502939,teste
1502954,validacao
1503002,teste
1503044,teste
1503077,treino
1503093,validacao
1503101,treino
1503200,treino
1503309,validacao
1503408,treino
1503457,treino
1503507,treino
1503606,validacao
1503705,treino
1503754,treino
1503804,treino
1503903,treino
1504000,treino
1504059,teste
1504109,validacao
1504208,treino
1504307,treino
1504406,teste
1504422,treino
1504455,validacao
1504505,treino
1504604,treino
1504703,teste
1504752,treino
1504802,teste
1504901,treino
1504950,treino
1504976,validacao
1505007,treino
1505031,treino
1505064,treino
1505106,treino
1505205,treino
1505304,teste
1505403,treino
1505437,teste
1505486,treino
1505494,treino
1505502,treino
1505536,treino
1505551,treino
1505601,teste
1505635,teste
1505650,treino
1505700,teste
1505809,treino
1505908,treino
1506005,teste
1506104,treino
1506112,treino
1506138,treino
1506161,treino
1506187,teste
1506195,teste
1506203,teste
1506302,treino
1506351,treino
1506401,treino
1506500,treino
1506559,teste
1506583,treino
1506609,treino
1506708,teste
1506807,validacao
1506906,treino
1507003,teste
1507102,teste
1507151,validacao
1507201,teste
1507300,treino
1507409,validacao
1507458,validacao
1507466,validacao
1507474,teste
1507508,validacao
1507607,treino
1507706,treino
1507755,teste
1507805,treino
1507904,treino
1507953,treino
1507961,treino
1507979,treino
1508001,treino
1508035,treino
1508050,treino
1508084,teste
1508100,treino
1508126,treino
1508159,treino
1508209,treino
1508308,treino
1508357,treino
1508407,teste
1600055,treino
1600105,treino
1600154,treino
1600204,treino
1600212,treino
1600238,treino
1600253,teste
1600279,teste
1600303,validacao
1600402,treino
1600501,teste
1600535,teste
1600550,teste
1600600,teste
1600709,treino
1600808,treino
1700251,teste
1700301,teste
1700350,treino
1700400,treino
1700707,treino
1701002,treino
1701051,treino
1701101,treino
1701309,treino
1701903,treino
1702000,validacao
1702109,validacao
1702158,teste
1702208,treino
1702307,treino
1702406,validacao
1702554,treino
1702703,treino
1702901,treino
1703008,teste
1703057,treino
1703073,validacao
1703107,validacao
1703206,teste
1703305,validacao
1703602,treino
1703701,teste
1703800,validacao
1703826,teste
1703842,validacao
1703867,treino
1703883,validacao
1703891,treino
1703909,treino
1704105,treino
1704600,treino
1705102,treino
1705508,teste
1705557,teste
1705607,validacao
1706001,teste
1706100,treino
1706258,treino
1706506,teste
1707009,treino
1707108,validacao
1707207,treino
1707306,treino
1707405,treino
1707553,treino
1707652,teste
1707702,treino
1708205,treino
1708254,treino
1708304,teste
1709005,teste
1709302,validacao
1709500,treino
1709807,teste
1710508,validacao
1710706,treino
1710904,treino
1711100,treino
1711506,treino
1711803,treino
1711902,treino
1711951,treino
1712009,treino
1712157,treino
1712405,validacao
1712454,treino
1712504,teste
1712702,validacao
1712801,validacao
1713205,treino
1713304,teste
1713601,treino
1713700,teste
1713809,treino
1713957,treino
1714203,treino
1714302,treino
1714880,treino
1715002,treino
1715101,treino
1715150,teste
1715259,treino
1715507,treino
1715705,validacao
1715754,treino
1716109,treino
1716208,teste
1716307,treino
1716505,treino
1716604,treino
1716653,treino
1716703,validacao
1717008,teste
1717206,treino
1717503,treino
1717800,treino
1717909,validacao
1718006,validacao
1718204,treino
1718303,treino
1718402,teste
1718451,validacao
1718501,treino
1718550,validacao
1718659,treino
1718709,treino
1718758,validacao
1718808,treino
1718840,treino
1718865,teste
1718881,validacao
1718899,treino
1718907,treino
1719004,teste
1720002,treino
1720101,teste
1720150,treino
1720200,teste
1720259,treino
1720309,validacao
1720499,validacao
1720655,teste
1720804,treino
1720853,treino
1720903,teste
1720937,teste
1720978,treino
1721000,teste
1721109,teste
1721208,treino
1721257,treino
1721307,treino
1722081,treino
1722107,treino
2100055,treino
2100105,treino
2100154,teste
2100204,teste
2100303,teste
2100402,treino
2100436,validacao
2100477,treino
2100501,teste
2100550,treino
2100600,treino
2100709,treino
2100808,teste
2100832,treino
2100873,treino
2100907,treino
2100956,treino
2101004,treino
2101103,teste
2101202,treino
2101251,treino
2101301,validacao
2101350,teste
2101400,treino
2101509,treino
2101608,treino
2101707,treino
2101731,treino
2101772,treino
2101806,treino
2101905,teste
2101939,treino
2101970,treino
2102002,teste
2102036,validacao
2102077,treino
2102101,teste
2102150,teste
2102200,teste
2102309,treino
2102325,treino
2102358,treino
2102374,treino
2102408,teste
2102507,teste
2102556,treino
2102606,treino
2102705,treino
2102754,treino
2102804,treino
2102903,teste
2103000,teste
2103109,treino
2103125,validacao
2103158,treino
2103174,treino
2103208,teste
2103257,treino
2103307,validacao
2103406,treino
2103505,validacao
2103554,treino
2103604,teste
2103703,validacao
2103752,treino
2103802,validacao
2103901,teste
2104008,treino
2104057,treino
2104073,treino
2104081,teste
2104099,treino
2104107,validacao
2104206,treino
2104305,validacao
2104404,treino
2104503,treino
2104552,treino
2104602,treino
2104628,treino
2104651,treino
2104677,treino
2104701,treino
2104800,validacao
2104909,treino
2105005,validacao
2105104,treino
2105153,treino
2105203,validacao
2105302,validacao
2105351,treino
2105401,treino
2105427,teste
2105450,treino
2105476,treino
2105500,teste
2105609,treino
2105658,validacao
2105708,teste
2105807,teste
2105906,treino
2105922,treino
2105948,validacao
2105963,teste
2105989,treino
2106003,treino
2106102,treino
2106201,treino
2106300,treino
2106326,teste
2106359,treino
2106375,treino
2106409,treino
2106508,treino
2106607,teste
2106631,treino
2106672,treino
2106706,treino
2106755,teste
2106805,validacao
2106904,teste
2107001,validacao
2107100,validacao
2107209,validacao
2107258,treino
2107308,validacao
2107357,teste
2107407,validacao
2107456,validacao
2107506,treino
2107605,treino
2107704,treino
2107803,treino
2107902,treino
2108009,treino
2108058,treino
2108108,treino
2108207,treino
2108256,treino
2108306,validacao
2108405,treino
2108454,teste
2108504,teste
2108603,validacao
2108702,validacao
2108801,treino
2108900,validacao
2109007,teste
2109056,treino
2109106,teste
2109205,treino
2109239,teste
2109270,treino
2109304,treino
2109403,teste
2109452,validacao
2109502,treino
2109551,treino
2109601,validacao
2109700,treino
2109759,treino
2109809,treino
2109908,treino
2110005,teste
2110039,teste
2110104,treino
2110203,treino
2110237,treino
2110278,treino
2110302,treino
2110401,teste
2110500,validacao
2110609,validacao
2110658,treino
2110708,treino
2110807,treino
2110856,treino
2110906,treino
2111003,validacao
2111029,treino
2111052,treino
2111078,treino
2111102,treino
2111201,treino
2111250,treino
2111300,treino
2111409,treino
2111508,validacao
2111532,treino
2111573,teste
2111607,teste
2111631,teste
2111672,treino
2111706,treino
2111722,treino
2111748,validacao
2111763,treino
2111789,validacao
2111805,validacao
2111904,validacao
2111953,treino
2112001,treino
2112100,treino
2112209,treino
2112233,treino
2112274,treino
2112308,validacao
2112407,teste
2112456,treino
2112506,treino
2112605,treino
2112704,treino
2112803,treino
2112852,treino
2112902,treino
2113009,treino
2114007,validacao
2200053,treino
2200103,teste
2200202,teste
2200251,teste
2200277,treino
2200301,teste
2200400,validacao
2200459,treino
2200509,treino
2200608,treino
2200707,validacao
2200806,treino
2200905,treino
2200954,validacao
2201002,treino
2201051,treino
2201101,validacao
2201150,treino
2201176,teste
2201200,treino
2201309,treino
2201408,treino
2201507,treino
2201556,treino
2201572,teste
2201606,teste
2201705,treino
2201739,validacao
2201770,treino
2201804,teste
2201903,treino
2201919,teste
2201929,treino
2201945,treino
2201960,treino
2201988,treino
2202000,validacao
2202026,treino
2202059,treino
2202075,teste
2202083,treino
2202091,teste
2202109,treino
2202117,treino
2202133,teste
2202174,treino
2202208,treino
2202251,treino
2202307,treino
2202406,treino
2202455,treino
2202505,treino
2202539,treino
2202554,teste
2202604,treino
2202653,validacao
2202703,treino
2202711,treino
2202729,validacao
2202737,teste
2202752,teste
2202778,validacao
2202802,treino
2202851,treino
2202901,validacao
2203008,treino
2203107,teste
2203206,treino
2203230,treino
2203255,teste
2203271,treino
2203305,treino
2203354,teste
2203404,treino
2203420,treino
2203453,treino
2203503,treino
2203602,treino
2203701,teste
2203750,teste
2203800,treino
2203859,teste
2203909,teste
2204006,treino
2204105,validacao
2204154,teste
2204204,treino
2204303,treino
2204352,treino
2204402,validacao
2204501,teste
2204550,validacao
2204600,treino
2204659,treino
2204709,teste
2204808,teste
2204907,teste
2205003,validacao
2205102,validacao
2205151,teste
2205201,treino
2205250,validacao
2205276,validacao
2205300,treino
2205359,treino
2205409,treino
2205458,treino
2205508,treino
2205516,treino
2205524,validacao
2205532,treino
2205540,teste
2205557,teste
2205565,teste
2205573,treino
2205581,treino
2205599,treino
2205607,validacao
2205706,validacao
2205805,validacao
2205854,treino
2205904,validacao
2205953,validacao
2206001,validacao
2206050,teste
2206100,treino
2206209,treino
2206308,validacao
2206357,treino
2206407,treino
2206506,treino
2206605,treino
2206654,treino
2206670,treino
2206696,validacao
2206704,teste
2206720,validacao
2206753,treino
2206803,treino
2206902,treino
2206951,treino
2207009,treino
2207108,teste
2207207,validacao
2207306,treino
2207355,treino
2207405,teste
2207504,treino
2207553,teste
2207603,treino
2207702,treino
2207751,teste
2207777,treino
2207793,teste
2207801,treino
2207850,teste
2207900,validacao
2207934,treino
2207959,teste
2208007,teste
2208106,teste
2208205,treino
2208304,validacao
2208403,treino
2208502,treino
2208551,treino
2208601,validacao
2208650,treino
2208700,treino
2208809,treino
2208858,validacao
2208874,treino
2208908,treino
2209005,validacao
2209104,validacao
2209153,treino
2209203,treino
2209302,teste
2209351,validacao
2209377,teste
2209401,treino
2209450,teste
2209500,treino
2209559,treino
2209609,treino
2209658,treino
2209708,teste
2209757,validacao
2209807,validacao
2209856,treino
2209872,teste
2209906,validacao
2209955,treino
2209971,treino
2210003,validacao
2210052,treino
2210102,teste
2210201,treino
2210300,treino
2210359,validacao
2210375,treino
2210383,treino
2210391,treino
2210409,treino
2210508,teste
2210607,treino
2210623,treino
2210631,treino
2210656,validacao
2210706,treino
2210805,treino
2210904,validacao
2210938,treino
2210953,teste
2210979,treino
2211001,treino
2211100,treino
2211209,treino
2211308,validacao
2211357,validacao
2211407,treino
2211506,treino
2211605,treino
2211704,treino
2300101,treino
2300150,teste
2300200,treino
2300309,teste
2300408,treino
2300507,teste
2300606,treino
2300705,treino
2300754,treino
2300804,treino
2300903,treino
2301000,treino
2301109,treino
2301208,teste
2301257,treino
2301307,validacao
2301406,treino
2301505,teste
2301604,treino
2301703,treino
2301802,teste
2301851,validacao
2301901,teste
2301950,treino
2302008,treino
2302057,treino
2302107,treino
2302206,teste
2302305,treino
2302404,treino
2302503,treino
2302602,teste
2302701,treino
2302800,validacao
2302909,treino
2303006,teste
2303105,validacao
2303204,treino
2303303,treino
2303402,teste
2303501,validacao
2303600,treino
2303659,treino
2303709,treino
2303808,validacao
2303907,treino
2303931,treino
2303956,treino
2304004,treino
2304103,teste
2304202,teste
2304236,treino
2304251,treino
2304269,treino
2304277,treino
2304285,treino
2304301,teste
2304350,treino
2304400,treino
2304459,validacao
2304509,treino
2304608,treino
2304657,validacao
2304707,treino
2304806,validacao
2304905,treino
2304954,treino
2305001,treino
2305100,teste
2305209,treino
2305233,treino
2305266,treino
2305308,treino
2305332,treino
2305357,treino
2305407,validacao
2305506,teste
2305605,treino
2305654,validacao
2305704,validacao
2305803,validacao
2305902,validacao
2306009,treino
2306108,validacao
2306207,treino
2306256,treino
2306306,validacao
2306405,treino
2306504,teste
2306553,treino
2306603,treino
2306702,treino
2306801,treino
2306900,teste
2307007,treino
2307106,treino
2307205,treino
2307254,treino
2307304,treino
2307403,validacao
2307502,validacao
2307601,teste
2307635,treino
2307650,treino
2307700,treino
2307809,validacao
2307908,validacao
2308005,treino
2308104,validacao
2308203,treino
2308302,treino
2308351,validacao
2308377,treino
2308401,validacao
2308500,treino
2308609,validacao
2308708,treino
2308807,treino
2308906,teste
2309003,treino
2309102,teste
2309201,treino
2309300,treino
2309409,validacao
2309458,validacao
2309508,teste
2309607,teste
2309706,validacao
2309805,validacao
2309904,treino
2310001,validacao
2310100,treino
2310209,treino
2310258,treino
2310308,treino
2310407,treino
2310506,validacao
2310605,treino
2310704,validacao
2310803,treino
2310852,treino
2310902,treino
2310951,treino
2311009,treino
2311108,teste
2311207,validacao
2311231,teste
2311264,treino
2311306,treino
2311355,teste
2311405,treino
2311504,treino
2311603,treino
2311702,treino
2311801,treino
2311900,treino
2311959,teste
2312007,teste
2312106,treino
2312205,treino
2312304,validacao
2312403,validacao
2312502,teste
2312601,teste
2312700,validacao
2312809,treino
2312908,validacao
2313005,validacao
2313104,teste
2313203,treino
2313252,teste
2313302,teste
2313351,treino
2313401,teste
2313500,treino
2313559,treino
2313609,treino
2313708,treino
2313757,treino
2313807,teste
2313906,validacao
2313955,teste
2314003,validacao
2314102,validacao
2400109,treino
2400208,treino
2400307,treino
2400406,treino
2400505,treino
2400604,treino
2400703,validacao
2400802,treino
2400901,treino
2401008,treino
2401107,treino
2401206,teste
2401305,treino
2401404,teste
2401453,teste
2401503,teste
2401602,treino
2401651,treino
2401701,treino
2401800,treino
2401859,treino
2401909,treino
2402006,treino
2402105,validacao
2402204,teste
2402303,treino
2402402,teste
2402501,treino
2402600,treino
2402709,treino
2402808,teste
2402907,validacao
2403004,treino
2403103,treino
2403202,teste
2403251,teste
2403301,validacao
2403400,teste
2403509,treino
2403608,validacao
2403707,validacao
2403756,teste
2403806,treino
2403905,teste
2404002,treino
2404101,treino
2404200,treino
2404309,treino
2404408,treino
2404507,treino
2404606,treino
2404705,treino
2404804,treino
2404853,treino
2404903,treino
2405009,teste
2405108,validacao
2405207,teste
2405306,treino
2405405,treino
2405504,treino
2405603,teste
2405702,treino
2405801,treino
2405900,treino
2406007,treino
2406106,teste
2406155,validacao
2406205,teste
2406304,teste
2406403,treino
2406502,validacao
2406601,treino
2406700,validacao
2406809,treino
2406908,treino
2407005,treino
2407104,treino
2407203,treino
2407252,treino
2407302,validacao
2407401,validacao
2407500,validacao
2407609,validacao
2407708,teste
2407807,treino
2407906,validacao
2408003,validacao
2408102,treino
2408201,validacao
2408300,treino
2408409,treino
2408508,treino
2408607,treino
2408706,treino
2408805,validacao
2408904,treino
2408953,validacao
2409100,teste
2409209,treino
2409308,treino
2409332,validacao
2409407,treino
2409506,teste
2409605,treino
2409704,treino
2409803,treino
2409902,treino
2410009,teste
2410108,validacao
2410207,treino
2410256,treino
2410306,treino
2410405,teste
2410504,treino
2410603,teste
2410702,teste
2410801,treino
2410900,treino
2411007,treino
2411056,validacao
2411106,teste
2411205,treino
2411403,teste
2411429,validacao
2411502,treino
2411601,teste
2411700,treino
2411809,teste
2411908,validacao
2412005,treino
2412104,treino
2412203,treino
2412302,teste
2412401,teste
2412500,treino
2412559,treino
2412609,validacao
2412708,treino
2412807,teste
2412906,treino
2413003,validacao
2413102,treino
2413201,treino
2413300,treino
2413359,validacao
2413409,validacao
2413508,validacao
2413557,treino
2413607,teste
2413706,treino
2413805,validacao
2413904,teste
2414001,treino
2414100,treino
2414159,teste
2414209,treino
2414308,validacao
2414407,treino
2414456,teste
2414506,teste
2414605,treino
2414704,treino
2414753,teste
2414803,teste
2414902,treino
2415008,validacao
2500106,treino
2500205,validacao
2500304,treino
2500403,treino
2500502,validacao
2500536,validacao
2500577,validacao
2500601,treino
2500700,teste
2500734,treino
2500775,validacao
2500809,treino
2500908,validacao
2501005,treino
2501104,treino
2501153,teste
2501203,treino
2501302,teste
2501351,validacao
2501401,validacao
2501500,validacao
2501534,treino
2501575,treino
2501609,treino
2501708,validacao
2501807,treino
2501906,teste
2502003,treino
2502052,teste
2502102,validacao
2502151,treino
2502201,treino
2502300,treino
2502409,validacao
2502508,teste
2502607,treino
2502706,treino
2502805,treino
2502904,treino
2503001,validacao
2503100,validacao
2503209,teste
2503308,validacao
2503407,treino
2503506,treino
2503555,treino
2503605,validacao
2503704,validacao
2503803,treino
2503902,validacao
2504009,treino
2504033,treino
2504074,treino
2504108,treino
2504157,teste
2504207,treino
2504306,validacao
2504355,treino
2504405,validacao
2504504,treino
2504603,treino
2504702,validacao
2504801,validacao
2504850,treino
2504900,validacao
2505006,teste
2505105,treino
2505204,treino
2505238,teste
2505279,treino
2505303,teste
2505352,treino
2505402,treino
2505501,treino
2505600,treino
2505709,treino
2505808,treino
2505907,validacao
2506004,treino
2506103,treino
2506202,validacao
2506251,treino
2506301,treino
2506400,treino
2506509,treino
2506608,treino
2506707,treino
2506806,treino
2506905,teste
2507002,treino
2507101,treino
2507200,treino
2507309,teste
2507408,treino
2507507,teste
2507606,teste
2507705,validacao
2507804,validacao
2507903,treino
2508000,treino
2508109,validacao
2508208,treino
2508307,treino
2508406,validacao
2508505,treino
2508554,treino
2508604,treino
2508703,teste
2508802,teste
2508901,validacao
2509008,treino
2509057,validacao
2509107,treino
2509156,treino
2509206,treino
2509305,treino
2509339,treino
2509370,teste
2509396,teste
2509404,treino
2509503,validacao
2509602,validacao
2509701,validacao
2509800,teste
2509909,teste
2510006,treino
2510105,validacao
2510204,treino
2510303,treino
2510402,treino
2510501,treino
2510600,validacao
2510709,treino
2510808,validacao
2510907,teste
2511004,validacao
2511103,treino
2511202,treino
2511301,treino
2511400,treino
2511509,treino
2511608,treino
2511707,treino
2511806,teste
2511905,teste
2512002,validacao
2512036,validacao
2512077,teste
2512101,treino
2512200,validacao
2512309,treino
2512408,treino
2512507,teste
2512606,treino
2512705,treino
2512721,treino
2512747,validacao
2512754,validacao
2512762,treino
2512788,treino
2512804,treino
2512903,validacao
2513000,treino
2513109,treino
2513158,validacao
2513208,teste
2513307,teste
2513356,validacao
2513406,treino
2513505,treino
2513604,teste
2513653,treino
2513703,treino
2513802,teste
2513851,treino
2513901,treino
2513927,validacao
2513943,treino
2513968,treino
2513984,treino
2514008,teste
2514107,treino
2514206,treino
2514305,treino
2514404,teste
2514453,teste
2514503,treino
2514552,treino
2514602,treino
2514651,treino
2514701,treino
2514800,validacao
2514909,teste
2515005,teste
2515104,treino
2515203,treino
2515302,treino
2515401,treino
2515500,teste
2515609,teste
2515708,treino
2515807,treino
2515906,treino
2515930,treino
2515971,treino
2516003,teste
2516102,teste
2516151,treino
2516201,treino
2516300,treino
2516409,teste
2516508,teste
2516607,treino
2516706,validacao
2516755,treino
2516805,treino
2516904,treino
2517001,treino
2517100,treino
2517209,validacao
2517407,treino
2600054,teste
2600104,treino
2600203,treino
2600302,validacao
2600401,validacao
2600500,validacao
2600609,teste
2600708,treino
2600807,teste
2600906,treino
2601003,treino
2601052,treino
2601102,validacao
2601201,treino
2601300,validacao
2601409,validacao
2601508,treino
2601607,treino
2601706,treino
2601805,treino
2601904,treino
2602001,treino
2602100,treino
2602209,teste
2602308,treino
2602407,treino
2602506,treino
2602605,validacao
2602704,teste
2602803,teste
2602902,treino
2603009,treino
2603108,teste
2603207,treino
2603306,treino
2603405,teste
2603454,validacao
2603504,teste
2603603,treino
2603702,teste
2603801,teste
2603900,treino
2603926,validacao
2604007,teste
2604106,validacao
2604155,treino
2604205,treino
2604304,treino
2604403,treino
2604502,treino
2604601,teste
2604700,teste
2604809,validacao
2604908,teste
2605004,treino
2605103,teste
2605152,teste
2605202,teste
2605301,treino
2605400,teste
2605459,validacao
2605509,teste
2605608,treino
2605707,treino
2605806,treino
2605905,teste
2606002,teste
2606101,validacao
2606200,validacao
2606309,treino
2606408,treino
2606507,validacao
2606606,teste
2606705,treino
2606804,treino
2606903,treino
2607000,treino
2607109,validacao
2607208,teste
2607307,treino
2607406,validacao
2607505,treino
2607604,treino
2607653,treino
2607703,validacao
2607752,treino
2607802,treino
2607901,treino
2607950,teste
2608008,treino
2608057,validacao
2608107,treino
2608206,treino
2608255,treino
2608305,treino
2608404,validacao
2608453,treino
2608503,treino
2608602,treino
2608701,treino
2608750,treino
2608800,treino
2608909,treino
2609006,treino
2609105,treino
2609154,teste
2609204,teste
2609303,treino
2609402,treino
2609501,teste
2609600,treino
2609709,treino
2609808,treino
2609907,teste
2610004,validacao
2610103,treino
2610202,teste
2610301,treino
2610400,teste
2610509,validacao
2610608,treino
2610707,teste
2610806,treino
2610905,treino
2611002,treino
2611101,treino
2611200,treino
2611309,treino
2611408,treino
2611507,treino
2611533,teste
2611606,treino
2611705,teste
2611804,treino
2611903,validacao
2612000,teste
2612109,validacao
2612208,treino
2612307,teste
2612406,validacao
2612455,treino
2612471,treino
2612505,treino
2612554,treino
2612604,treino
2612703,teste
2612802,validacao
2612901,teste
2613008,validacao
2613107,treino
2613206,validacao
2613305,teste
2613404,teste
2613503,treino
2613602,treino
2613701,treino
2613800,treino
2613909,treino
2614006,teste
2614105,treino
2614204,validacao
2614303,validacao
2614402,treino
2614501,teste
2614600,teste
2614709,treino
2614808,treino
2614857,teste
2615003,teste
2615102,teste
2615201,teste
2615300,treino
2615409,teste
2615508,treino
2615607,treino
2615706,treino
2615805,treino
2615904,treino
2616001,treino
2616100,treino
2616183,treino
2616209,treino
2616308,teste
2616407,validacao
2616506,teste
2700102,treino
2700201,treino
2700300,treino
2700409,validacao
2700508,treino
2700607,validacao
2700706,treino
2700805,treino
2700904,validacao
2701001,treino
2701100,teste
2701209,validacao
2701308,treino
2701357,treino
2701407,treino
2701506,treino
2701605,treino
2701704,teste
2701803,treino
2701902,teste
2702009,treino
2702108,teste
2702207,treino
2702306,treino
2702355,teste
2702405,treino
2702504,validacao
2702553,validacao
2702603,validacao
2702702,validacao
2702801,validacao
2702900,treino
2703007,teste
2703106,treino
2703205,treino
2703304,treino
2703403,teste
2703502,treino
2703601,treino
2703700,treino
2703759,treino
2703809,treino
2703908,validacao
2704005,treino
2704104,treino
2704203,treino
2704302,treino
2704401,treino
2704500,treino
2704609,treino
2704708,treino
2704807,teste
2704906,validacao
2705002,treino
2705101,treino
2705200,treino
2705309,treino
2705408,validacao
2705507,treino
2705606,validacao
2705705,validacao
2705804,treino
2705903,validacao
2706000,validacao
2706109,validacao
2706208,validacao
2706307,treino
2706406,treino
2706422,validacao
2706448,teste
2706505,treino
2706604,treino
2706703,treino
2706802,treino
2706901,validacao
2707008,validacao
2707107,validacao
2707206,validacao
2707305,validacao
2707404,treino
2707503,validacao
2707602,validacao
2707701,treino
2707800,treino
2707909,teste
2708006,validacao
2708105,treino
2708204,teste
2708303,validacao
2708402,treino
2708501,treino
2708600,treino
2708709,treino
2708808,teste
2708907,treino
2708956,teste
2709004,teste
2709103,teste
2709152,validacao
2709202,teste
2709301,treino
2709400,treino
2800100,treino
2800209,treino
2800308,validacao
2800407,teste
2800506,validacao
2800605,teste
2800670,validacao
2800704,treino
2801009,treino
2801108,validacao
2801207,validacao
2801306,treino
2801405,teste
2801504,treino
2801603,validacao
2801702,treino
2801900,treino
2802007,treino
2802106,treino
2802205,treino
2802304,teste
2802403,treino
2802502,treino
2802601,treino
2802700,validacao
2802809,teste
2802908,validacao
2803005,treino
2803104,treino
2803203,treino
2803302,teste
2803401,validacao
2803500,validacao
2803609,treino
2803708,teste
2803807,teste
2803906,treino
2804003,validacao
2804102,treino
2804201,treino
2804300,treino
2804409,treino
2804458,teste
2804508,treino
2804607,treino
2804706,teste
2804805,treino
2804904,teste
2805000,validacao
2805109,treino
2805208,treino
2805307,teste
2805406,treino
2805505,teste
2805604,teste
2805703,treino
2805802,treino
2805901,treino
2806008,validacao
2806107,treino
2806206,treino
2806305,treino
2806404,validacao
2806503,treino
2806602,validacao
2806701,treino
2806800,treino
2806909,validacao
2807006,treino
2807105,treino
2807204,validacao
2807303,treino
2807402,teste
2807501,treino
2807600,validacao
2900108,validacao
2900207,treino
2900306,validacao
2900355,treino
2900405,treino
2900504,treino
2900603,treino
2900702,treino
2900801,treino
2900900,treino
2901007,teste
2901106,treino
2901155,teste
2901205,treino
2901304,treino
2901353,treino
2901403,validacao
2901502,treino
2901601,treino
2901700,treino
2901809,treino
2901908,treino
2901957,teste
2902005,treino
2902054,treino
2902104,treino
2902203,validacao
2902252,teste
2902302,treino
2902401,treino
2902500,treino
2902609,treino
2902658,treino
2902708,treino
2902807,teste
2902906,validacao
2903003,treino
2903102,validacao
2903201,treino
2903235,teste
2903276,treino
2903300,treino
2903409,validacao
2903508,treino
2903607,treino
2903706,validacao
2903805,treino
2903904,treino
2903953,teste
2904001,teste
2904050,treino
2904100,treino
2904209,teste
2904308,treino
2904407,teste
2904506,validacao
2904605,treino
2904704,teste
2904803,validacao
2904852,teste
2904902,treino
2905008,teste
2905107,treino
2905156,treino
2905206,teste
2905305,treino
2905404,teste
2905503,treino
2905602,treino
2905701,validacao
2905800,validacao
2905909,teste
2906006,treino
2906105,validacao
2906204,treino
2906303,validacao
2906402,validacao
2906501,validacao
2906600,teste
2906709,treino
2906808,teste
2906824,teste
2906857,treino
2906873,treino
2906899,treino
2906907,treino
2907004,treino
2907103,teste
2907202,validacao
2907301,treino
2907400,treino
2907509,validacao
2907558,treino
2907608,treino
2907707,validacao
2907806,teste
2907905,treino
2908002,teste
2908101,validacao
2908200,treino
2908309,treino
2908408,treino
2908507,treino
2908606,treino
2908804,validacao
2908903,treino
2909000,treino
2909109,treino
2909208,teste
2909307,validacao
2909406,treino
2909505,teste
2909604,treino
2909703,validacao
2909802,teste
2909901,treino
2910008,teste
2910057,validacao
2910107,treino
2910206,treino
2910305,treino
2910404,validacao
2910503,treino
2910602,treino
2910701,treino
2910727,treino
2910750,treino
2910776,treino
2910800,treino
2910859,treino
2910909,treino
2911006,teste
2911105,teste
2911204,validacao
2911253,treino
2911303,treino
2911402,treino
2911501,treino
2911600,treino
2911659,treino
2911709,treino
2911808,treino
2911857,treino
2911907,treino
2912004,teste
2912103,validacao
2912202,validacao
2912301,teste
2912400,treino
2912509,validacao
2912608,validacao
2912707,treino
2912806,teste
2912905,treino
2913002,treino
2913101,teste
2913200,validacao
2913309,treino
2913408,validacao
2913457,validacao
2913507,validacao
2913606,treino
2913705,treino
2913804,teste
2913903,treino
2914000,validacao
2914109,validacao
2914208,treino
2914307,teste
2914406,validacao
2914505,treino
2914604,treino
2914653,validacao
2914703,treino
2914802,treino
2914901,validacao
2915007,validacao
2915106,validacao
2915205,teste
2915304,treino
2915353,treino
2915403,treino
2915502,teste
2915601,treino
2915700,treino
2915809,treino
2915908,treino
2916104,treino
2916203,validacao
2916302,validacao
2916401,treino
2916500,treino
2916609,treino
2916708,treino
2916807,teste
2916856,treino
2916906,teste
2917003,validacao
2917102,treino
2917201,validacao
2917300,validacao
2917334,treino
2917359,validacao
2917409,validacao
2917508,treino
2917607,treino
2917706,validacao
2917805,treino
2917904,teste
2918001,treino
2918100,validacao
2918209,treino
2918308,teste
2918357,treino
2918407,teste
2918506,teste
2918555,validacao
2918605,treino
2918704,treino
2918803,treino
2918902,treino
2919009,treino
2919058,treino
2919108,treino
2919157,treino
2919207,validacao
2919306,treino
2919405,treino
2919504,validacao
2919553,validacao
2919603,treino
2919702,treino
2919801,teste
2919900,treino
2919926,treino
2919959,teste
2920007,treino
2920106,treino
2920205,treino
2920304,validacao
2920403,treino
2920452,treino
2920502,teste
2920601,teste
2920809,treino
2920908,treino
2921005,validacao
2921054,teste
2921104,treino
2921203,teste
2921302,treino
2921401,treino
2921450,treino
2921500,teste
2921609,validacao
2921708,validacao
2921807,treino
2921906,teste
2922003,treino
2922052,treino
2922102,treino
2922201,treino
2922250,teste
2922300,treino
2922409,treino
2922607,treino
2922656,treino
2922706,treino
2922730,treino
2922755,treino
2922805,teste
2922854,treino
2922904,treino
2923001,treino
2923035,treino
2923050,treino
2923100,teste
2923209,teste
2923308,validacao
2923357,treino
2923407,treino
2923506,treino
2923605,treino
2923704,teste
2923803,treino
2923902,validacao
2924009,treino
2924058,treino
2924108,teste
2924207,validacao
2924306,treino
2924405,teste
2924504,validacao
2924603,validacao
2924652,validacao
2924678,treino
2924702,treino
2924801,teste
2924900,validacao
2925006,treino
2925105,treino
2925204,treino
2925253,treino
2925303,treino
2925402,treino
2925501,treino
2925600,treino
2925709,validacao
2925808,teste
2925907,validacao
2925931,treino
2925956,teste
2926004,treino
2926103,treino
2926301,teste
2926400,treino
2926509,treino
2926608,treino
2926657,treino
2926707,validacao
2926806,validacao
2926905,teste
2927002,treino
2927101,treino
2927200,treino
2927309,teste
2927408,treino
2927507,treino
2927606,validacao
2927705,treino
2927804,treino
2927903,treino
2928000,teste
2928059,treino
2928109,treino
2928208,treino
2928307,teste
2928406,treino
2928505,treino
2928604,treino
2928703,treino
2928802,treino
2928901,treino
2928950,treino
2929008,teste
2929057,validacao
2929107,validacao
2929206,teste
2929255,treino
2929305,treino
2929354,treino
2929370,treino
2929404,treino
2929503,treino
2929602,teste
2929701,treino
2929750,validacao
2929800,treino
2929909,teste
2930006,treino
2930105,teste
2930154,validacao
2930204,treino
2930303,treino
2930402,treino
2930501,validacao
2930600,treino
2930709,treino
2930766,treino
2930774,treino
2930808,treino
2930907,treino
2931004,teste
2931053,validacao
2931103,validacao
2931202,treino
2931301,treino
2931350,teste
2931400,validacao
2931509,treino
2931608,treino
2931707,teste
2931806,treino
2931905,treino
2932002,teste
2932101,treino
2932200,treino
2932309,teste
2932408,treino
2932457,treino
2932507,treino
2932606,validacao
2932705,treino
2932804,treino
2932903,validacao
2933000,treino
2933059,validacao
2933109,treino
2933158,treino
2933174,validacao
2933208,treino
2933257,validacao
2933307,treino
2933406,teste
2933455,treino
2933505,teste
2933604,validacao
3100104,treino
3100203,teste
3100302,validacao
3100401,treino
3100500,treino
3100609,validacao
3100708,validacao
3100807,treino
3100906,treino
3101003,teste
3101102,teste
3101201,validacao
3101300,teste
3101409,treino
3101508,treino
3101607,teste
3101631,teste
3101706,treino
3101805,teste
3101904,teste
3102001,treino
3102050,validacao
3102100,treino
3102209,validacao
3102308,treino
3102407,treino
3102506,treino
3102605,treino
3102704,treino
3102803,treino
3102852,validacao
3102902,treino
3103009,treino
3103108,treino
3103207,teste
3103306,validacao
3103405,treino
3103504,teste
3103603,treino
3103702,validacao
3103751,treino
3103801,validacao
3103900,teste
3104007,treino
3104106,treino
3104205,treino
3104304,treino
3104403,teste
3104452,validacao
3104502,validacao
3104601,treino
3104700,treino
3104809,treino
3104908,treino
3105004,validacao
3105103,validacao
3105202,teste
3105301,treino
3105400,treino
3105509,treino
3105608,teste
3105707,treino
3105905,treino
3106002,validacao
3106101,validacao
3106200,validacao
3106309,validacao
3106408,teste
3106507,treino
3106606,treino
3106655,treino
3106705,teste
3106804,validacao
3106903,treino
3107000,treino
3107109,treino
3107208,validacao
3107307,treino
3107406,validacao
3107505,treino
3107604,validacao
3107703,treino
3107802,teste
3107901,validacao
3108008,treino
3108107,teste
3108206,treino
3108255,treino
3108305,treino
3108404,teste
3108503,treino
3108552,treino
3108602,treino
3108701,treino
3108800,teste
3108909,treino
3109006,teste
3109105,teste
3109204,treino
3109253,treino
3109303,teste
3109402,validacao
3109451,treino
3109501,treino
3109600,treino
3109709,treino
3109808,treino
3109907,treino
3110004,treino
3110103,treino
3110202,treino
3110301,treino
3110400,validacao
3110509,teste
3110608,treino
3110707,treino
3110806,teste
3110905,treino
3111002,treino
3111101,treino
3111150,teste
3111200,treino
3111309,treino
3111408,treino
3111507,teste
3111606,treino
3111705,validacao
3111804,treino
3111903,treino
3112000,validacao
3112059,teste
3112109,teste
3112208,treino
3112307,treino
3112406,teste
3112505,treino
3112604,validacao
3112653,validacao
3112703,treino
3112802,treino
3112901,treino
3113008,treino
3113107,validacao
3113206,treino
3113305,treino
3113404,validacao
3113503,validacao
3113602,treino
3113701,treino
3113800,treino
3113909,validacao
3114006,treino
3114105,treino
3114204,treino
3114303,treino
3114402,teste
3114501,treino
3114550,validacao
3114600,treino
3114709,treino
3114808,validacao
3114907,treino
3115003,treino
3115102,teste
3115201,treino
3115300,treino
3115359,treino
3115409,treino
3115458,treino
3115474,validacao
3115508,treino
3115706,validacao
3115805,treino
3115904,treino
3116001,validacao
3116100,treino
3116159,validacao
3116209,validacao
3116308,treino
3116407,treino
3116506,treino
3116605,validacao
3116704,teste
3116803,validacao
3116902,validacao
3117009,teste
3117108,treino
3117207,teste
3117306,treino
3117405,teste
3117504,treino
3117603,treino
3117702,validacao
3117801,treino
3117836,treino
3117876,treino
3117900,validacao
3118007,validacao
3118106,treino
3118205,teste
3118304,teste
3118403,treino
3118502,treino
3118601,teste
3118700,treino
3118809,treino
3118908,treino
3119005,treino
3119104,validacao
3119203,treino
3119302,treino
3119401,treino
3119500,treino
3119609,treino
3119708,validacao
3119807,teste
3119906,treino
3119955,treino
3120003,treino
3120102,treino
3120151,teste
3120201,treino
3120300,treino
3120409,treino
3120508,teste
3120607,treino
3120706,treino
3120805,treino
3120839,treino
3120870,treino
3120904,treino
3121001,treino
3121100,validacao
3121209,teste
3121258,treino
3121308,treino
3121407,treino
3121506,treino
3121605,validacao
3121704,teste
3121803,treino
3121902,treino
3122009,teste
3122108,treino
3122207,treino
3122306,treino
3122355,teste
3122405,treino
3122454,validacao
3122470,treino
3122504,treino
3122603,treino
3122702,treino
3122801,treino
3122900,treino
3123007,treino
3123106,teste
3123205,treino
3123304,validacao
3123403,treino
3123502,treino
3123528,teste
3123601,validacao
3123700,teste
3123809,teste
3123858,validacao
3123908,treino
3124005,teste
3124104,treino
3124203,teste
3124302,treino
3124401,teste
3124500,treino
3124609,validacao
3124708,treino
3124807,treino
3124906,validacao
3125002,validacao
3125101,treino
3125200,treino
3125309,treino
3125408,validacao
3125507,teste
3125606,treino
3125705,validacao
3125804,treino
3125903,teste
3125952,treino
3126000,teste
3126109,treino
3126208,validacao
3126307,treino
3126406,treino
3126505,treino
3126604,treino
3126703,treino
3126752,teste
3126802,treino
3126901,validacao
3126950,teste
3127008,validacao
3127057,teste
3127073,treino
3127107,treino
3127206,treino
3127305,teste
3127339,treino
3127354,treino
3127370,teste
3127388,teste
3127404,teste
3127503,treino
3127602,treino
3127701,treino
3127800,treino
3127909,treino
3128006,treino
3128105,validacao
3128204,validacao
3128253,teste
3128303,treino
3128402,validacao
3128501,treino
3128600,treino
3128709,treino
3128808,treino
3128907,treino
3129004,treino
3129103,treino
3129202,treino
3129301,treino
3129400,treino
3129509,teste
3129608,treino
3129657,validacao
3129707,teste
3129806,treino
3129905,treino
3130002,validacao
3130051,treino
3130101,validacao
3130200,treino
3130309,teste
3130408,treino
3130507,teste
3130556,treino
3130606,treino
3130655,treino
3130705,validacao
3130804,treino
3130903,treino
3131000,treino
3131109,teste
3131158,teste
3131208,teste
3131307,teste
3131406,treino
3131505,treino
3131604,treino
3131703,teste
3131802,teste
3131901,validacao
3132008,treino
3132107,treino
3132206,treino
3132305,treino
3132404,treino
3132503,treino
3132602,validacao
3132701,treino
3132800,treino
3132909,treino
3133006,validacao
3133105,validacao
3133204,treino
3133303,treino
3133402,treino
3133501,treino
3133600,treino
3133709,treino
3133758,treino
3133808,treino
3133907,treino
3134004,validacao
3134103,treino
3134202,teste
3134301,teste
3134400,treino
3134509,treino
3134608,treino
3134707,teste
3134806,treino
3134905,teste
3135001,treino
3135050,teste
3135076,treino
3135100,treino
3135209,validacao
3135308,validacao
3135357,treino
3135407,teste
3135456,teste
3135506,treino
3135605,treino
3135704,treino
3135803,validacao
3135902,treino
3136009,treino
3136108,treino
3136207,validacao
3136306,treino
3136405,treino
3136504,teste
3136520,validacao
3136553,treino
3136579,treino
3136603,treino
3136652,treino
3136702,treino
3136801,treino
3136900,treino
3136959,validacao
3137007,treino
3137106,treino
3137205,treino
3137304,teste
3137403,treino
3137502,treino
3137536,treino
3137601,teste
3137700,treino
3137809,treino
3137908,treino
3138005,treino
3138104,validacao
3138203,treino
3138302,treino
3138351,treino
3138401,teste
3138500,treino
3138609,treino
3138625,teste
3138658,treino
3138674,validacao
3138682,treino
3138708,treino
3138807,validacao
3138906,validacao
3139003,treino
3139102,treino
3139201,treino
3139250,treino
3139300,treino
3139409,teste
3139508,teste
3139607,treino
3139706,validacao
3139805,treino
3139904,treino
3140001,treino
3140100,teste
3140159,validacao
3140209,treino
3140308,teste
3140407,treino
3140506,treino
3140530,treino
3140555,treino
3140605,treino
3140704,validacao
3140803,treino
3140852,teste
3140902,teste
3141009,treino
3141108,validacao
3141207,treino
3141306,treino
3141405,teste
3141504,treino
3141603,treino
3141702,treino
3141801,treino
3141900,teste
3142007,teste
3142106,treino
3142205,treino
3142254,validacao
3142304,teste
3142403,teste
3142502,validacao
3142601,teste
3142700,treino
3142809,treino
3142908,treino
3143005,treino
3143104,treino
3143153,treino
3143203,treino
3143302,treino
3143401,treino
3143450,treino
3143500,teste
3143609,treino
3143708,treino
3143807,teste
3143906,validacao
3144003,teste
3144102,treino
3144201,treino
3144300,treino
3144359,treino
3144375,validacao
3144409,validacao
3144508,treino
3144607,treino
3144656,treino
3144672,treino
3144706,validacao
3144805,treino
3144904,treino
3145000,validacao
3145059,treino
3145109,validacao
3145208,treino
3145307,validacao
3145356,treino
3145372,validacao
3145406,treino
3145455,treino
3145505,validacao
3145604,treino
3145703,treino
3145802,validacao
3145851,teste
3145877,treino
3145901,treino
3146008,validacao
3146107,teste
3146206,treino
3146255,treino
3146305,treino
3146404,treino
3146503,treino
3146552,validacao
3146602,treino
3146701,treino
3146750,teste
3146909,treino
3147006,validacao
3147105,treino
3147204,treino
3147303,validacao
3147402,validacao
3147501,teste
3147600,treino
3147709,treino
3147808,treino
3147907,validacao
3147956,treino
3148004,validacao
3148103,treino
3148202,teste
3148301,treino
3148400,treino
3148509,validacao
3148608,treino
3148707,treino
3148756,treino
3148806,validacao
3148905,validacao
3149002,validacao
3149101,treino
3149150,treino
3149200,treino
3149309,treino
3149408,treino
3149507,treino
3149606,teste
3149705,validacao
3149804,treino
3149903,treino
3149952,treino
3150000,validacao
3150109,treino
3150158,teste
3150208,validacao
3150307,validacao
3150406,treino
3150505,treino
3150539,treino
3150570,treino
3150604,validacao
3150703,treino
3150802,treino
3150901,treino
3151008,teste
3151107,treino
3151206,treino
3151305,teste
3151404,treino
3151503,validacao
3151602,treino
3151701,validacao
3151800,teste
3151909,treino
3152006,teste
3152105,treino
3152131,validacao
3152170,treino
3152204,teste
3152303,treino
3152402,treino
3152501,teste
3152600,treino
3152709,treino
3152808,treino
3152907,teste
3153004,treino
3153103,treino
3153202,treino
3153301,validacao
3153400,treino
3153509,treino
3153608,validacao
3153707,treino
3153806,teste
3153905,treino
3154002,treino
3154101,treino
3154150,teste
3154200,treino
3154309,treino
3154408,treino
3154457,treino
3154507,treino
3154606,validacao
3154705,treino
3154804,validacao
3154903,teste
3155009,teste
3155108,treino
3155207,treino
3155306,teste
3155405,validacao
3155504,treino
3155603,treino
3155702,validacao
3155801,treino
3155900,treino
3156007,treino
3156106,treino
3156205,treino
3156304,validacao
3156403,treino
3156452,treino
3156502,validacao
3156601,treino
3156700,teste
3156809,treino
3156908,validacao
3157005,treino
3157104,treino
3157203,teste
3157252,treino
3157278,teste
3157302,teste
3157336,treino
3157377,validacao
3157401,teste
3157500,treino
3157609,treino
3157658,treino
3157708,treino
3157807,treino
3157906,treino
3158003,teste
3158102,treino
3158201,validacao
3158300,treino
3158409,validacao
3158508,teste
3158607,validacao
3158706,treino
3158805,teste
3158904,treino
3158953,teste
3159001,treino
3159100,treino
3159209,validacao
3159308,treino
3159357,validacao
3159407,teste
3159506,treino
3159605,treino
3159704,treino
3159803,treino
3159902,treino
3160009,treino
3160108,teste
3160207,teste
3160306,teste
3160405,validacao
3160454,treino
3160504,treino
3160603,treino
3160702,teste
3160801,validacao
3160900,treino
3160959,teste
3161007,validacao
3161056,treino
3161106,validacao
3161205,teste
3161304,treino
3161403,treino
3161502,teste
3161601,treino
3161650,treino
3161700,treino
3161809,treino
3161908,teste
3162005,treino
3162104,treino
3162203,teste
3162252,teste
3162302,treino
3162401,teste
3162450,validacao
3162500,teste
3162559,treino
3162575,validacao
3162609,teste
3162658,validacao
3162708,treino
3162807,treino
3162906,treino
3162922,validacao
3162948,teste
3162955,teste
3163003,treino
3163102,validacao
3163201,treino
3163300,treino
3163409,treino
3163508,treino
3163607,treino
3163706,treino
3163805,validacao
3163904,treino
3164001,treino
3164100,treino
3164209,teste
3164308,treino
3164407,validacao
3164431,treino
3164472,treino
3164506,teste
3164605,teste
3164704,treino
3164803,validacao
3164902,treino
3165008,treino
3165107,treino
3165206,treino
3165305,treino
3165404,treino
3165503,treino
3165537,teste
3165552,validacao
3165560,treino
3165578,treino
3165602,treino
3165701,validacao
3165800,teste
3165909,treino
3166006,validacao
3166105,treino
3166204,treino
3166303,validacao
3166402,treino
3166501,treino
3166600,treino
3166709,validacao
3166808,treino
3166907,validacao
3166956,treino
3167004,treino
3167103,treino
3167202,treino
3167301,treino
3167400,validacao
3167509,teste
3167608,validacao
3167707,treino
3167806,treino
3167905,teste
3168002,teste
3168051,treino
3168101,treino
3168200,treino
3168309,teste
3168408,treino
3168507,treino
3168606,treino
3168705,treino
3168804,treino
3168903,validacao
3169000,teste
3169059,treino
3169109,teste
3169208,validacao
3169307,treino
3169356,treino
3169406,treino
3169505,treino
3169604,treino
3169703,teste
3169802,teste
3169901,teste
3170008,validacao
3170057,treino
3170107,teste
3170206,treino
3170305,validacao
3170404,treino
3170438,validacao
3170479,teste
3170503,teste
3170529,teste
3170578,treino
3170602,treino
3170651,teste
3170701,teste
3170750,treino
3170800,treino
3170909,treino
3171006,teste
3171030,treino
3171071,treino
3171105,treino
3171154,treino
3171204,treino
3171303,treino
3171402,treino
3171501,treino
3171600,treino
3171709,teste
3171808,treino
3171907,treino
3172004,treino
3172103,treino
3172202,treino
3200102,validacao
3200136,treino
3200169,treino
3200201,treino
3200300,treino
3200359,teste
3200409,validacao
3200508,validacao
3200607,validacao
3200706,validacao
3200805,treino
3200904,validacao
3201001,validacao
3201100,treino
3201159,treino
3201209,treino
3201308,validacao
3201407,treino
3201506,treino
3201605,teste
3201704,teste
3201803,treino
3201902,validacao
3202009,treino
3202108,treino
3202207,treino
3202256,validacao
3202306,teste
3202405,treino
3202454,treino
3202504,validacao
3202553,validacao
3202603,validacao
3202652,teste
3202702,validacao
3202801,treino
3202900,treino
3203007,validacao
3203056,teste
3203106,treino
3203130,treino
3203163,treino
3203205,treino
3203304,treino
3203320,treino
3203346,treino
3203353,treino
3203403,teste
3203502,treino
3203601,validacao
3203700,treino
3203809,treino
3203908,treino
3204005,validacao
3204054,treino
3204104,treino
3204203,treino
3204252,treino
3204302,validacao
3204351,treino
3204401,treino
3204500,teste
3204559,treino
3204609,teste
3204658,teste
3204708,treino
3204807,teste
3204906,treino
3204955,teste
3205002,treino
3205010,teste
3205036,treino
3205069,validacao
3205101,teste
3205150,treino
3205176,treino
3205200,teste
3205309,treino
3300100,treino
3300159,treino
3300209,teste
3300225,treino
3300233,validacao
3300258,treino
3300308,treino
3300407,validacao
3300456,treino
3300506,treino
3300605,treino
3300704,treino
3300803,validacao
3300902,treino
3300936,treino
3300951,treino
3301009,treino
3301108,teste
3301157,teste
3301207,treino
3301306,teste
3301405,treino
3301504,teste
3301603,treino
3301702,treino
3301801,treino
3301850,validacao
3301876,treino
3301900,validacao
3302007,treino
3302056,treino
3302106,validacao
3302205,validacao
3302254,treino
3302270,teste
3302304,teste
3302403,validacao
3302452,treino
3302502,teste
3302601,validacao
3302700,teste
3302809,treino
3302858,treino
3302908,treino
3303005,treino
3303104,validacao
3303203,treino
3303302,teste
3303401,teste
3303500,treino
3303609,treino
3303708,treino
3303807,treino
3303856,teste
3303906,treino
3303955,treino
3304003,treino
3304102,teste
3304110,treino
3304128,treino
3304144,treino
3304151,treino
3304201,teste
3304300,teste
3304409,teste
3304508,validacao
3304524,teste
3304557,teste
3304607,treino
3304706,treino
3304755,validacao
3304805,treino
3304904,treino
3305000,treino
3305109,validacao
3305133,treino
3305158,validacao
3305208,treino
3305307,treino
3305406,teste
3305505,treino
3305554,treino
3305604,treino
3305703,validacao
3305752,treino
3305802,treino
3305901,treino
3306008,treino
3306107,treino
3306156,treino
3306206,treino
3306305,treino
3500105,treino
3500204,treino
3500303,treino
3500402,treino
3500501,validacao
3500550,validacao
3500600,treino
3500709,teste
3500758,validacao
3500808,validacao
3500907,validacao
3501004,treino
3501103,treino
3501152,teste
3501202,treino
3501301,teste
3501400,treino
3501509,treino
3501608,treino
3501707,validacao
3501806,treino
3501905,treino
3502002,validacao
3502101,treino
3502200,validacao
3502309,validacao
3502408,teste
3502507,validacao
3502606,validacao
3502705,treino
3502754,validacao
3502804,teste
3502903,treino
3503000,validacao
3503109,validacao
3503158,treino
3503208,treino
3503307,teste
3503356,teste
3503406,treino
3503505,treino
3503604,treino
3503703,treino
3503802,treino
3503901,treino
3503950,treino
3504008,treino
3504107,teste
3504206,treino
3504305,treino
3504404,treino
3504503,validacao
3504602,treino
3504701,treino
3504800,treino
3504909,treino
3505005,teste
3505104,teste
3505203,teste
3505302,treino
3505351,treino
3505401,treino
3505500,validacao
3505609,validacao
3505708,treino
3505807,treino
3505906,teste
3506003,teste
3506102,teste
3506201,treino
3506300,teste
3506359,treino
3506409,teste
3506508,treino
3506607,treino
3506706,validacao
3506805,validacao
3506904,treino
3507001,treino
3507100,teste
3507159,treino
3507209,treino
3507308,treino
3507407,treino
3507456,treino
3507506,validacao
3507605,treino
3507704,teste
3507753,treino
3507803,treino
3507902,validacao
3508009,treino
3508108,treino
3508207,treino
3508306,validacao
3508405,teste
3508504,treino
3508603,teste
3508702,teste
3508801,treino
3508900,treino
3509007,teste
3509106,treino
3509205,treino
3509254,treino
3509304,treino
3509403,treino
3509452,teste
3509502,treino
3509601,treino
3509700,treino
3509809,validacao
3509908,treino
3509957,treino
3510005,teste
3510104,validacao
3510153,treino
3510203,validacao
3510302,teste
3510401,validacao
3510500,treino
3510609,treino
3510708,treino
3510807,teste
3510906,validacao
3511003,treino
3511102,teste
3511201,treino
3511300,treino
3511409,treino
3511508,validacao
3511607,teste
3511706,treino
3511904,teste
3512001,treino
3512100,treino
3512209,validacao
3512308,treino
3512407,treino
3512506,treino
3512605,validacao
3512704,treino
3512803,teste
3512902,teste
3513009,treino
3513108,treino
3513207,validacao
3513306,teste
3513405,treino
3513504,teste
3513603,treino
3513702,teste
3513801,validacao
3513850,teste
3513900,treino
3514007,validacao
3514106,teste
3514205,treino
3514304,treino
3514403,teste
3514502,teste
3514601,teste
3514700,treino
3514809,validacao
3514908,validacao
3514924,validacao
3514957,treino
3515004,treino
3515103,validacao
3515129,treino
3515152,treino
3515186,treino
3515194,treino
3515202,treino
3515301,teste
3515350,treino
3515400,validacao
3515509,treino
3515608,treino
3515657,treino
3515707,treino
3515806,validacao
3515905,validacao
3516002,validacao
3516101,validacao
3516200,treino
3516309,teste
3516408,teste
3516507,treino
3516606,validacao
3516705,treino
3516804,treino
3516853,teste
3516903,treino
3517000,treino
3517109,treino
3517208,teste
3517307,validacao
3517406,treino
3517505,treino
3517604,teste
3517703,validacao
3517802,treino
3517901,treino
3518008,teste
3518107,treino
3518206,treino
3518305,treino
3518404,validacao
3518503,treino
3518602,validacao
3518701,validacao
3518800,treino
3518859,validacao
3518909,treino
3519006,validacao
3519055,treino
3519071,validacao
3519105,treino
3519204,treino
3519253,treino
3519303,teste
3519402,treino
3519501,treino
3519600,treino
3519709,treino
3519808,validacao
3519907,treino
3520004,treino
3520103,teste
3520202,treino
3520301,treino
3520400,treino
3520426,validacao
3520442,teste
3520509,treino
3520608,validacao
3520707,treino
3520806,treino
3520905,treino
3521002,treino
3521101,treino
3521150,validacao
3521200,treino
3521309,teste
3521408,treino
3521507,treino
3521606,validacao
3521705,treino
3521804,treino
3521903,treino
3522000,validacao
3522109,treino
3522158,teste
3522208,treino
3522307,treino
3522406,treino
3522505,validacao
3522604,validacao
3522653,treino
3522703,treino
3522802,treino
3522901,teste
3523008,treino
3523107,treino
3523206,teste
3523305,treino
3523404,validacao
3523503,validacao
3523602,treino
3523701,teste
3523800,treino
3523909,treino
3524006,validacao
3524105,teste
3524204,treino
3524303,treino
3524402,treino
3524501,treino
3524600,treino
3524709,teste
3524808,treino
3524907,treino
3525003,treino
3525102,treino
3525201,treino
3525300,treino
3525409,treino
3525508,treino
3525607,treino
3525706,teste
3525805,treino
3525854,treino
3525904,validacao
3526001,treino
3526100,treino
3526209,treino
3526308,treino
3526407,treino
3526506,treino
3526605,teste
3526704,treino
3526803,treino
3526902,teste
3527009,teste
3527108,treino
3527207,teste
3527256,validacao
3527306,validacao
3527405,teste
3527504,treino
3527603,treino
3527702,treino
3527801,validacao
3527900,treino
3528007,treino
3528106,treino
3528205,validacao
3528304,teste
3528403,treino
3528502,treino
3528601,treino
3528700,treino
3528809,teste
3528858,treino
3528908,treino
3529005,treino
3529104,treino
3529203,teste
3529302,treino
3529401,validacao
3529500,teste
3529609,teste
3529658,treino
3529708,teste
3529807,validacao
3529906,teste
3530003,treino
3530102,treino
3530201,treino
3530300,treino
3530409,treino
3530508,treino
3530607,validacao
3530706,teste
3530805,treino
3530904,treino
3531001,treino
3531100,treino
3531209,validacao
3531308,treino
3531407,teste
3531506,treino
3531605,validacao
3531704,treino
3531803,validacao
3531902,treino
3532009,treino
3532058,treino
3532108,treino
3532157,teste
3532207,treino
3532306,treino
3532405,treino
3532504,treino
3532603,treino
3532702,teste
3532801,treino
3532827,teste
3532843,treino
3532868,treino
3532900,validacao
3533007,treino
3533106,treino
3533205,treino
3533254,validacao
3533304,treino
3533403,treino
3533502,treino
3533601,treino
3533700,treino
3533809,validacao
3533908,treino
3534005,treino
3534104,validacao
3534203,validacao
3534302,treino
3534401,treino
3534500,validacao
3534609,treino
3534708,treino
3534757,treino
3534807,treino
3534906,validacao
3535002,treino
3535101,treino
3535200,treino
3535309,treino
3535408,treino
3535507,validacao
3535606,teste
3535705,treino
3535804,teste
3535903,treino
3536000,treino
3536109,validacao
3536208,treino
3536257,treino
3536307,treino
3536406,validacao
3536505,teste
3536570,validacao
3536604,treino
3536703,teste
3536802,teste
3536901,teste
3537008,teste
3537107,treino
3537156,treino
3537206,treino
3537305,validacao
3537404,teste
3537503,teste
3537602,validacao
3537701,validacao
3537800,treino
3537909,treino
3538006,treino
3538105,teste
3538204,validacao
3538303,treino
3538501,treino
3538600,teste
3538709,treino
3538808,teste
3538907,treino
3539004,validacao
3539103,treino
3539202,treino
3539301,treino
3539400,teste
3539509,teste
3539608,treino
3539707,treino
3539806,treino
3539905,treino
3540002,teste
3540101,treino
3540200,treino
3540259,treino
3540309,treino
3540408,teste
3540507,treino
3540606,validacao
3540705,teste
3540754,teste
3540804,treino
3540853,validacao
3540903,treino
3541000,treino
3541059,teste
3541109,treino
3541208,treino
3541307,treino
3541406,treino
3541505,treino
3541604,treino
3541653,teste
3541703,treino
3541901,treino
3542008,treino
3542107,validacao
3542206,treino
3542305,teste
3542404,validacao
3542503,treino
3542602,treino
3542701,validacao
3542800,teste
3542909,treino
3543006,treino
3543105,teste
3543204,teste
3543238,treino
3543253,treino
3543303,validacao
3543402,treino
3543501,treino
3543709,treino
3543808,treino
3543907,teste
3544004,validacao
3544103,validacao
3544202,treino
3544251,treino
3544301,treino
3544400,treino
3544509,treino
3544608,treino
3544707,treino
3544806,validacao
3544905,teste
3545001,validacao
3545100,teste
3545159,treino
3545209,validacao
3545308,treino
3545407,validacao
3545506,treino
3545605,treino
3545704,teste
3545803,validacao
3546009,treino
3546108,treino
3546207,treino
3546256,teste
3546306,treino
3546405,treino
3546504,treino
3546603,teste
3546702,treino
3546801,treino
3546900,validacao
3547007,treino
3547106,treino
3547304,validacao
3547403,treino
3547502,treino
3547601,treino
3547650,treino
3547700,validacao
3547809,treino
3547908,treino
3548005,validacao
3548054,teste
3548104,treino
3548203,treino
3548302,treino
3548401,treino
3548500,treino
3548609,teste
3548708,treino
3548807,treino
3548906,teste
3549003,teste
3549102,teste
3549201,treino
3549250,validacao
3549300,teste
3549409,treino
3549508,teste
3549607,treino
3549706,treino
3549805,treino
3549904,treino
3549953,treino
3550001,validacao
3550100,treino
3550209,treino
3550308,treino
3550407,treino
3550506,treino
3550605,validacao
3550704,treino
3550803,treino
3550902,treino
3551009,treino
3551108,treino
3551207,validacao
3551306,teste
3551405,teste
3551504,validacao
3551603,treino
3551702,treino
3551801,teste
3551900,teste
3552007,validacao
3552106,teste
3552205,validacao
3552304,treino
3552403,treino
3552502,treino
3552551,treino
3552601,validacao
3552700,treino
3552809,treino
3552908,validacao
3553005,treino
3553104,teste
3553203,teste
3553302,treino
3553401,treino
3553500,teste
3553609,treino
3553658,treino
3553708,treino
3553807,treino
3553856,treino
3553906,treino
3553955,validacao
3554003,teste
3554102,treino
3554201,treino
3554300,treino
3554409,treino
3554508,treino
3554607,validacao
3554656,treino
3554706,treino
3554755,treino
3554805,treino
3554904,treino
3554953,validacao
3555000,teste
3555109,validacao
3555208,validacao
3555307,treino
3555356,teste
3555406,validacao
3555505,teste
3555604,treino
3555703,treino
3555802,treino
3555901,treino
3556008,treino
3556107,treino
3556206,treino
3556305,treino
3556354,treino
3556404,teste
3556453,teste
3556503,treino
3556602,treino
3556701,treino
3556800,validacao
3556909,teste
3556958,treino
3557006,treino
3557105,treino
3557154,treino
3557204,treino
3557303,teste
4100103,teste
4100202,treino
4100301,treino
4100400,treino
4100459,treino
4100509,treino
4100608,validacao
4100707,treino
4100806,treino
4100905,validacao
4101002,treino
4101051,treino
4101101,treino
4101150,treino
4101200,treino
4101309,treino
4101408,teste
4101507,validacao
4101606,treino
4101655,treino
4101705,teste
4101804,treino
4101853,teste
4101903,teste
4102000,teste
4102109,treino
4102208,treino
4102307,treino
4102406,teste
4102505,treino
4102604,treino
4102703,validacao
4102752,treino
4102802,validacao
4102901,treino
4103008,teste
4103024,treino
4103040,teste
4103057,teste
4103107,validacao
4103156,validacao
4103206,treino
4103222,treino
4103305,validacao
4103354,treino
4103370,teste
4103404,teste
4103453,validacao
4103479,validacao
4103503,treino
4103602,treino
4103701,teste
4103800,treino
4103909,teste
4103958,teste
4104006,treino
4104055,teste
4104105,treino
4104204,treino
4104253,teste
4104303,treino
4104402,teste
4104428,treino
4104451,treino
4104501,validacao
4104600,teste
4104659,treino
4104709,treino
4104808,validacao
4104907,teste
4105003,treino
4105102,treino
4105201,treino
4105300,treino
4105409,teste
4105508,treino
4105607,treino
4105706,treino
4105805,treino
4105904,teste
4106001,treino
4106100,validacao
4106209,treino
4106308,validacao
4106407,validacao
4106456,teste
4106506,teste
4106555,teste
4106571,treino
4106605,teste
4106704,teste
4106803,treino
4106852,teste
4106902,treino
4107009,treino
4107108,treino
4107124,treino
4107157,teste
4107207,treino
4107256,treino
4107306,treino
4107405,teste
4107504,validacao
4107520,treino
4107538,validacao
4107546,treino
4107553,treino
4107603,treino
4107652,validacao
4107702,treino
4107736,validacao
4107751,teste
4107801,treino
4107850,treino
4107900,teste
4108007,treino
4108106,treino
4108205,treino
4108304,treino
4108320,treino
4108403,teste
4108452,teste
4108502,treino
4108551,treino
4108601,treino
4108650,teste
4108700,validacao
4108809,validacao
4108908,treino
4108957,treino
4109005,validacao
4109104,treino
4109203,treino
4109302,treino
4109401,treino
4109500,treino
4109609,treino
4109658,treino
4109708,treino
4109757,treino
4109807,treino
4109906,treino
4110003,treino
4110052,treino
4110078,treino
4110102,treino
4110201,validacao
4110300,treino
4110409,treino
4110508,treino
4110607,validacao
4110656,treino
4110706,treino
4110805,validacao
4110904,treino
4110953,treino
4111001,teste
4111100,treino
4111209,treino
4111258,validacao
4111308,teste
4111407,treino
4111506,teste
4111555,teste
4111605,validacao
4111704,validacao
4111803,treino
4111902,treino
4112009,teste
4112108,treino
4112207,treino
4112306,validacao
4112405,treino
4112504,validacao
4112603,treino
4112702,teste
4112751,treino
4112801,teste
4112900,treino
4112959,treino
4113007,treino
4113106,treino
4113205,treino
4113254,treino
4113304,treino
4113403,teste
4113429,treino
4113452,treino
4113502,validacao
4113601,validacao
4113700,teste
4113734,treino
4113759,treino
4113809,validacao
4113908,treino
4114005,treino
4114104,teste
4114203,treino
4114302,treino
4114351,teste
4114401,treino
4114500,treino
4114609,teste
4114708,treino
4114807,treino
4114906,teste
4115002,teste
4115101,treino
4115200,treino
4115309,validacao
4115358,treino
4115408,validacao
4115457,treino
4115507,treino
4115606,treino
4115705,validacao
4115739,validacao
4115754,validacao
4115804,treino
4115853,validacao
4115903,treino
4116000,validacao
4116059,treino
4116109,validacao
4116208,validacao
4116307,validacao
4116406,treino
4116505,validacao
4116604,validacao
4116703,treino
4116802,validacao
4116901,teste
4116950,treino
4117008,treino
4117057,treino
4117107,validacao
4117206,validacao
4117214,teste
4117222,validacao
4117255,treino
4117271,validacao
4117297,teste
4117305,treino
4117404,treino
4117453,validacao
4117503,validacao
4117602,treino
4117701,treino
4117800,teste
4117909,validacao
4118006,treino
4118105,treino
4118204,treino
4118303,treino
4118402,treino
4118451,treino
4118501,treino
4118600,treino
4118709,teste
4118808,treino
4118857,treino
4118907,treino
4119004,treino
4119103,treino
4119152,validacao
4119202,treino
4119251,treino
4119301,treino
4119400,validacao
4119509,treino
4119608,teste
4119657,treino
4119707,teste
4119806,validacao
4119905,validacao
4119954,treino
4120002,validacao
4120101,treino
4120150,validacao
4120200,teste
4120309,treino
4120333,treino
4120358,treino
4120408,treino
4120507,validacao
4120606,teste
4120655,treino
4120705,teste
4120804,treino
4120853,treino
4120903,treino
4121000,treino
4121109,treino
4121208,treino
4121257,treino
4121307,teste
4121356,validacao
4121406,treino
4121505,treino
4121604,validacao
4121703,validacao
4121752,treino
4121802,teste
4121901,treino
4122008,treino
4122107,treino
4122156,teste
4122172,treino
4122206,teste
4122305,validacao
4122404,treino
4122503,treino
4122602,validacao
4122651,treino
4122701,treino
4122800,teste
4122909,treino
4123006,teste
4123105,treino
4123204,teste
4123303,treino
4123402,treino
4123501,treino
4123600,treino
4123709,teste
4123808,treino
4123824,teste
4123857,treino
4123907,validacao
4123956,treino
4124004,treino
4124020,treino
4124053,treino
4124103,validacao
4124202,treino
4124301,teste
4124400,treino
4124509,validacao
4124608,validacao
4124707,treino
4124806,teste
4124905,validacao
4125001,treino
4125100,treino
4125209,treino
4125308,validacao
4125357,treino
4125407,teste
4125456,treino
4125506,treino
4125555,teste
4125605,validacao
4125704,teste
4125753,treino
4125803,treino
4125902,treino
4126009,teste
4126108,treino
4126207,teste
4126256,treino
4126272,treino
4126306,treino
4126355,treino
4126405,treino
4126504,teste
4126603,treino
4126652,validacao
4126678,treino
4126702,treino
4126801,teste
4126900,treino
4127007,validacao
4127106,treino
4127205,treino
4127304,treino
4127403,validacao
4127502,validacao
4127601,teste
4127700,treino
4127809,validacao
4127858,treino
4127882,treino
4127908,treino
4127957,treino
4127965,treino
4128005,validacao
4128104,treino
4128203,validacao
4128302,treino
4128401,treino
4128500,treino
4128534,teste
4128559,treino
4128609,teste
4128625,treino
4128633,treino
4128658,treino
4128708,validacao
4128807,treino
4200051,validacao
4200101,treino
4200200,treino
4200309,teste
4200408,teste
4200507,treino
4200556,teste
4200606,treino
4200705,teste
4200754,treino
4200804,validacao
4200903,treino
4201000,treino
4201109,teste
4201208,treino
4201257,teste
4201273,treino
4201307,treino
4201406,treino
4201505,teste
4201604,validacao
4201653,validacao
4201703,treino
4201802,treino
4201901,teste
4201950,teste
4202057,treino
4202073,treino
4202081,teste
4202099,treino
4202107,treino
4202131,treino
4202156,treino
4202206,teste
4202305,treino
4202404,treino
4202438,teste
4202453,treino
4202503,validacao
4202537,treino
4202578,treino
4202602,validacao
4202701,treino
4202800,treino
4202859,treino
4202875,treino
4202909,treino
4203006,treino
4203105,validacao
4203154,teste
4203303,treino
4203402,validacao
4203501,treino
4203600,treino
4203709,teste
4203808,teste
4203907,validacao
4203956,treino
4204004,validacao
4204103,teste
4204152,treino
4204178,treino
4204194,treino
4204202,treino
4204251,validacao
4204301,treino
4204350,treino
4204400,treino
4204459,validacao
4204509,treino
4204558,treino
4204608,validacao
4204707,treino
4204756,treino
4204806,validacao
4204905,treino
4205001,treino
4205100,treino
4205159,teste
4205175,teste
4205191,treino
4205209,treino
4205308,treino
4205357,treino
4205407,treino
4205431,validacao
4205456,validacao
4205506,treino
4205555,teste
4205605,treino
4205704,teste
4205803,teste
4205902,treino
4206009,validacao
4206108,validacao
4206207,teste
4206306,validacao
4206405,validacao
4206504,validacao
4206603,treino
4206652,treino
4206702,teste
4206751,treino
4206801,treino
4206900,treino
4207007,validacao
4207106,treino
4207205,teste
4207304,treino
4207403,treino
4207502,treino
4207577,teste
4207601,treino
4207650,teste
4207684,treino
4207700,treino
4207759,treino
4207809,treino
4207858,treino
4207908,teste
4208005,treino
4208104,treino
4208203,treino
4208302,validacao
4208401,treino
4208450,validacao
4208500,treino
4208609,teste
4208708,treino
4208807,teste
4208906,treino
4208955,treino
4209003,treino
4209102,treino
4209151,treino
4209177,validacao
4209201,treino
4209300,treino
4209409,treino
4209458,treino
4209508,treino
4209607,teste
4209706,treino
4209805,teste
4209854,validacao
4209904,treino
4210001,validacao
4210035,treino
4210050,teste
4210100,validacao
4210209,treino
4210308,treino
4210407,treino
4210506,treino
4210555,validacao
4210605,teste
4210704,validacao
4210803,treino
4210852,validacao
4210902,validacao
4211009,validacao
4211058,validacao
4211108,teste
4211207,treino
4211256,treino
4211306,teste
4211405,treino
4211454,treino
4211504,teste
4211603,treino
4211652,teste
4211702,treino
4211751,treino
4211801,teste
4211850,treino
4211876,validacao
4211892,teste
4211900,treino
4212007,treino
4212056,treino
4212106,treino
4212205,treino
4212239,validacao
4212254,validacao
4212270,validacao
4212304,treino
4212403,treino
4212502,treino
4212601,treino
4212650,validacao
4212700,teste
4212809,validacao
4212908,validacao
4213005,treino
4213104,treino
4213153,teste
4213203,teste
4213302,treino
4213351,treino
4213401,treino
4213500,teste
4213609,treino
4213708,teste
4213807,teste
4213906,treino
4214003,treino
4214102,treino
4214151,validacao
4214201,validacao
4214300,treino
4214409,validacao
4214508,validacao
4214607,treino
4214706,treino
4214805,treino
4214904,treino
4215000,validacao
4215059,treino
4215075,validacao
4215109,validacao
4215208,treino
4215307,teste
4215356,treino
4215406,treino
4215455,validacao
4215505,treino
4215554,treino
4215604,teste
4215653,treino
4215679,treino
4215687,validacao
4215695,treino
4215703,treino
4215752,treino
4215802,treino
4215901,teste
4216008,treino
4216057,treino
4216107,teste
4216206,treino
4216255,validacao
4216305,teste
4216354,validacao
4216404,treino
4216503,validacao
4216602,treino
4216701,treino
4216800,treino
4216909,treino
4217006,treino
4217105,validacao
4217154,treino
4217204,treino
4217253,treino
4217303,teste
4217402,teste
4217501,treino
4217550,treino
4217600,treino
4217709,treino
4217758,treino
4217808,teste
4217907,validacao
4217956,treino
4218004,treino
4218103,validacao
4218202,teste
4218251,teste
4218301,treino
4218350,treino
4218400,treino
4218509,treino
4218608,treino
4218707,treino
4218756,treino
4218806,treino
4218855,treino
4218905,teste
4218954,teste
4219002,teste
4219101,teste
4219150,treino
4219176,treino
4219200,treino
4219309,validacao
4219358,treino
4219408,treino
4219507,teste
4219606,treino
4219705,treino
4219853,treino
4220000,validacao
4300034,treino
4300059,treino
4300109,treino
4300208,validacao
4300307,validacao
4300406,treino
4300455,validacao
4300471,teste
4300505,validacao
4300554,validacao
4300570,treino
4300604,treino
4300638,treino
4300646,treino
4300661,treino
4300703,treino
4300802,treino
4300851,treino
4300877,treino
4300901,teste
4301008,treino
4301057,treino
4301073,treino
4301107,treino
4301206,validacao
4301305,validacao
4301404,treino
4301503,treino
4301552,treino
4301602,treino
4301636,treino
4301651,treino
4301701,validacao
4301750,treino
4301800,teste
4301859,treino
4301875,teste
4301909,validacao
4301958,treino
4302006,validacao
4302105,treino
4302204,treino
4302220,treino
4302238,validacao
4302253,teste
4302303,treino
4302352,teste
4302378,validacao
4302402,treino
4302451,validacao
4302501,treino
4302584,treino
4302600,validacao
4302659,validacao
4302709,treino
4302808,treino
4302907,treino
4303004,teste
4303103,treino
4303202,treino
4303301,treino
4303400,treino
4303509,validacao
4303558,validacao
4303608,treino
4303673,treino
4303707,validacao
4303806,teste
4303905,validacao
4304002,treino
4304101,treino
4304200,validacao
4304309,teste
4304358,teste
4304408,treino
4304507,treino
4304606,treino
4304622,validacao
4304630,validacao
4304655,teste
4304663,teste
4304671,treino
4304689,treino
4304697,treino
4304705,teste
4304713,treino
4304804,treino
4304853,treino
4304903,teste
4304952,validacao
4305009,validacao
4305108,teste
4305116,teste
4305124,teste
4305132,treino
4305157,treino
4305173,teste
4305207,treino
4305306,treino
4305355,teste
4305371,validacao
4305405,treino
4305439,treino
4305447,treino
4305454,treino
4305504,treino
4305587,teste
4305603,treino
4305702,treino
4305801,teste
4305850,treino
4305871,validacao
4305900,teste
4305959,validacao
4305975,treino
4306007,teste
4306056,teste
4306072,validacao
4306106,treino
4306130,teste
4306205,treino
4306304,teste
4306320,treino
4306379,teste
4306403,treino
4306452,validacao
4306502,teste
4306551,treino
4306601,validacao
4306700,treino
4306734,validacao
4306759,validacao
4306767,treino
4306809,treino
4306908,treino
4306924,teste
4306932,treino
4306957,treino
4306973,validacao
4307005,teste
4307054,treino
4307104,validacao
4307203,treino
4307302,validacao
4307401,validacao
4307450,treino
4307500,treino
4307559,treino
4307609,treino
4307708,validacao
4307807,validacao
4307815,treino
4307831,treino
4307864,treino
4307906,treino
4308003,treino
4308052,validacao
4308078,treino
4308102,treino
4308201,validacao
4308250,treino
4308300,validacao
4308409,treino
4308433,treino
4308458,treino
4308508,validacao
4308607,treino
4308706,validacao
4308805,treino
4308854,validacao
4308904,treino
4309001,validacao
4309050,validacao
4309100,treino
4309126,validacao
4309159,validacao
4309209,treino
4309258,treino
4309308,treino
4309407,teste
4309506,validacao
4309555,treino
4309571,treino
4309605,treino
4309654,treino
4309704,treino
4309753,treino
4309803,treino
4309902,validacao
4309951,treino
4310009,treino
4310108,validacao
4310207,treino
4310306,treino
4310330,treino
4310363,validacao
4310405,treino
4310413,validacao
4310439,teste
4310462,teste
4310504,validacao
4310538,treino
4310553,treino
4310579,validacao
4310603,treino
4310652,treino
4310702,validacao
4310751,treino
4310801,treino
4310850,validacao
4310900,treino
4311007,treino
4311106,treino
4311122,treino
4311130,treino
4311155,treino
4311205,treino
4311239,teste
4311254,treino
4311270,treino
4311304,validacao
4311403,treino
4311429,treino
4311502,treino
4311601,treino
4311627,treino
4311643,treino
4311700,treino
4311718,treino
4311734,treino
4311759,treino
4311775,treino
4311791,treino
4311809,treino
4311908,treino
4311981,teste
4312005,treino
4312054,treino
4312104,validacao
4312138,treino
4312153,treino
4312179,treino
4312203,validacao
4312252,treino
4312302,treino
4312351,teste
4312377,treino
4312385,validacao
4312401,validacao
4312427,treino
4312443,treino
4312450,treino
4312476,treino
4312500,teste
4312609,treino
4312617,treino
4312625,teste
4312658,validacao
4312708,teste
4312757,teste
4312807,treino
4312906,treino
4312955,treino
4313003,treino
4313011,treino
4313037,treino
4313060,teste
4313086,treino
4313102,treino
4313201,treino
4313300,treino
4313334,treino
4313359,treino
4313375,teste
4313391,treino
4313409,validacao
4313425,treino
4313441,validacao
4313490,teste
4313508,validacao
4313607,treino
4313656,validacao
4313706,treino
4313805,treino
4313904,teste
4313953,validacao
4314001,treino
4314027,treino
4314035,teste
4314050,teste
4314068,treino
4314076,treino
4314100,treino
4314134,treino
4314159,teste
4314175,treino
4314209,teste
4314308,validacao
4314407,treino
4314423,treino
4314456,teste
4314464,validacao
4314472,teste
4314498,treino
4314506,treino
4314555,treino
4314605,treino
4314704,treino
4314753,validacao
4314779,treino
4314787,treino
4314803,treino
4314902,validacao
4315008,treino
4315057,treino
4315073,treino
4315107,validacao
4315131,teste
4315149,treino
4315156,treino
4315172,treino
4315206,validacao
4315305,validacao
4315313,teste
4315321,treino
4315354,validacao
4315404,treino
4315503,treino
4315552,validacao
4315602,treino
4315701,treino
4315750,teste
4315800,treino
4315909,teste
4316006,validacao
4316105,treino
4316204,treino
4316303,treino
4316402,treino
4316428,validacao
4316436,treino
4316451,teste
4316477,treino
4316501,treino
4316600,treino
4316709,teste
4316733,treino
4316758,teste
4316808,treino
4316907,treino
4316956,treino
4316972,treino
4317004,treino
4317103,treino
4317202,treino
4317301,treino
4317400,teste
4317509,treino
4317558,treino
4317608,treino
4317707,teste
4317756,treino
4317806,treino
4317905,validacao
4317954,treino
4318002,treino
4318051,treino
4318101,treino
4318200,treino
4318309,treino
4318408,treino
4318424,treino
4318432,treino
4318440,treino
4318457,validacao
4318465,treino
4318481,teste
4318499,validacao
4318507,validacao
4318606,treino
4318614,teste
4318622,validacao
4318705,treino
4318804,treino
4318903,treino
4319000,treino
4319109,treino
4319125,treino
4319158,treino
4319208,treino
4319307,validacao
4319356,treino
4319364,treino
4319372,treino
4319406,treino
4319505,teste
4319604,treino
4319703,treino
4319711,treino
4319737,validacao
4319752,treino
4319802,treino
4319901,treino
4320008,treino
4320107,validacao
4320206,treino
4320230,teste
4320263,treino
4320305,treino
4320321,treino
4320354,validacao
4320404,treino
4320453,treino
4320503,teste
4320552,validacao
4320578,validacao
4320602,treino
4320651,teste
4320677,treino
4320701,validacao
4320800,treino
4320859,teste
4320909,teste
4321006,treino
4321105,teste
4321204,validacao
4321303,teste
4321329,teste
4321352,treino
4321402,treino
4321436,validacao
4321451,treino
4321469,teste
4321477,teste
4321493,teste
4321501,treino
4321600,treino
4321626,treino
4321634,treino
4321667,teste
4321709,treino
4321808,treino
4321832,treino
4321857,treino
4321907,treino
4321956,treino
4322004,treino
4322103,treino
4322152,validacao
4322202,validacao
4322251,treino
4322301,treino
4322327,teste
4322343,treino
4322376,validacao
4322400,treino
4322509,teste
4322525,treino
4322533,teste
4322541,treino
4322558,treino
4322608,teste
4322707,treino
4322806,treino
4322855,treino
4322905,treino
4323002,teste
4323101,treino
4323200,treino
4323309,teste
4323358,treino
4323408,treino
4323457,treino
4323507,treino
4323606,treino
4323705,treino
4323754,treino
4323770,treino
4323804,validacao
5000203,treino
5000252,treino
5000609,validacao
5000708,treino
5000807,teste
5000856,treino
5000906,treino
5001003,validacao
5001102,treino
5001243,treino
5001508,teste
5001904,teste
5002001,treino
5002100,validacao
5002159,validacao
5002209,teste
5002308,teste
5002407,treino
5002605,validacao
5002704,validacao
5002803,treino
5002902,teste
5002951,treino
5003108,treino
5003157,treino
5003207,teste
5003256,treino
5003306,validacao
5003454,treino
5003488,teste
5003504,treino
5003702,validacao
5003751,treino
5003801,validacao
5003900,validacao
5004007,treino
5004106,teste
5004304,treino
5004403,treino
5004502,validacao
5004601,treino
5004700,treino
5004809,teste
5004908,treino
5005004,treino
5005103,treino
5005152,treino
5005202,treino
5005251,treino
5005400,teste
5005608,validacao
5005681,teste
5005707,validacao
5005806,validacao
5006002,validacao
5006200,treino
5006259,treino
5006275,treino
5006309,treino
5006358,treino
5006408,validacao
5006606,validacao
5006903,treino
5007109,treino
5007208,teste
5007307,treino
5007406,validacao
5007505,teste
5007554,treino
5007695,treino
5007703,treino
5007802,treino
5007901,validacao
5007935,treino
5007950,teste
5007976,validacao
5008008,validacao
5008305,teste
5008404,treino
5100102,validacao
5100201,validacao
5100250,teste
5100300,validacao
5100359,treino
5100409,treino
5100508,validacao
5100607,treino
5100805,validacao
5101001,validacao
5101209,teste
5101258,validacao
5101308,validacao
5101407,teste
5101605,treino
5101704,treino
5101803,treino
5101852,validacao
5101902,teste
5102504,treino
5102603,treino
5102637,teste
5102678,validacao
5102686,treino
5102694,teste
5102702,treino
5102793,treino
5102850,treino
5103007,treino
5103056,teste
5103106,treino
5103205,teste
5103254,treino
5103304,treino
5103353,treino
5103361,validacao
5103379,validacao
5103403,treino
5103437,treino
5103452,treino
5103502,treino
5103601,validacao
5103700,treino
5103809,treino
5103858,teste
5103908,treino
5103957,validacao
5104104,treino
5104203,validacao
5104500,validacao
5104526,teste
5104542,treino
5104559,treino
5104609,treino
5104807,validacao
5104906,treino
5105002,treino
5105101,teste
5105150,treino
5105176,treino
5105200,treino
5105234,treino
5105259,validacao
5105309,treino
5105507,teste
5105580,treino
5105606,teste
5105622,treino
5105903,treino
5106000,teste
5106109,teste
5106158,treino
5106174,treino
5106182,validacao
5106190,treino
5106208,treino
5106216,treino
5106224,treino
5106232,treino
5106240,teste
5106257,validacao
5106265,treino
5106273,teste
5106281,treino
5106299,teste
5106307,validacao
5106315,treino
5106372,treino
5106422,validacao
5106455,teste
5106505,teste
5106653,treino
5106703,treino
5106752,treino
5106778,validacao
5106802,treino
5106828,validacao
5106851,treino
5107008,validacao
5107040,treino
5107065,validacao
5107107,treino
5107156,validacao
5107180,validacao
5107198,validacao
5107206,treino
5107248,teste
5107263,treino
5107297,treino
5107305,validacao
5107354,treino
5107404,treino
5107578,treino
5107602,treino
5107701,treino
5107743,teste
5107750,treino
5107768,treino
5107776,treino
5107792,treino
5107800,treino
5107859,treino
5107875,treino
5107883,validacao
5107909,treino
5107925,validacao
5107941,treino
5107958,treino
5108006,treino
5108055,teste
5108105,treino
5108204,validacao
5108303,validacao
5108352,teste
5108402,treino
5108501,treino
5108600,validacao
5108808,treino
5108857,validacao
5108907,treino
5108956,treino
5200050,treino
5200100,treino
5200134,validacao
5200159,validacao
5200175,treino
5200209,treino
5200258,treino
5200308,treino
5200506,treino
5200555,validacao
5200605,treino
5200803,treino
5200829,treino
5200852,validacao
5200902,treino
5201108,validacao
5201207,teste
5201306,treino
5201405,validacao
5201454,treino
5201504,validacao
5201603,validacao
5201702,treino
5201801,validacao
5202155,treino
5202353,treino
5202502,teste
5202601,teste
5202809,treino
5203104,validacao
5203203,treino
5203302,treino
5203401,treino
5203500,treino
5203559,teste
5203575,treino
5203609,validacao
5203807,validacao
5203906,validacao
5203939,treino
5203962,validacao
5204003,treino
5204102,treino
5204201,validacao
5204250,treino
5204300,treino
5204409,treino
5204508,validacao
5204557,treino
5204607,treino
5204656,treino
5204706,teste
5204805,treino
5204854,treino
5204904,treino
5204953,teste
5205000,teste
5205059,treino
5205109,teste
5205208,treino
5205307,treino
5205406,validacao
5205455,validacao
5205471,treino
5205497,treino
5205513,treino
5205521,treino
5205703,treino
5205802,treino
5205901,teste
5206206,treino
5206305,treino
5206404,teste
5206503,teste
5206602,teste
5206701,treino
5206800,treino
5206909,teste
5207105,treino
5207253,validacao
5207352,treino
5207402,treino
5207501,validacao
5207535,treino
5207600,teste
5207808,treino
5207907,teste
5208004,treino
5208103,teste
5208152,validacao
5208301,treino
5208400,treino
5208509,validacao
5208608,treino
5208707,treino
5208806,teste
5208905,teste
5209101,treino
5209150,treino
5209200,validacao
5209291,validacao
5209408,teste
5209457,treino
5209606,validacao
5209705,validacao
5209804,validacao
5209903,treino
5209937,treino
5209952,treino
5210000,treino
5210109,teste
5210158,validacao
5210208,treino
5210307,treino
5210406,treino
5210562,teste
5210604,validacao
5210802,validacao
5210901,treino
5211008,treino
5211206,treino
5211305,validacao
5211404,treino
5211503,treino
5211602,treino
5211701,treino
5211800,teste
5211909,teste
5212006,treino
5212055,teste
5212105,treino
5212204,treino
5212253,validacao
5212303,treino
5212501,treino
5212600,validacao
5212709,validacao
5212808,treino
5212907,treino
5212956,validacao
5213004,treino
5213053,teste
5213087,treino
5213103,validacao
5213400,validacao
5213509,treino
5213707,teste
5213756,validacao
5213772,treino
5213806,treino
5213855,validacao
5213905,treino
5214002,treino
5214051,validacao
5214101,teste
5214408,treino
5214507,validacao
5214606,treino
5214705,teste
5214804,validacao
5214838,treino
5214861,treino
5214879,treino
5214903,teste
5215009,treino
5215207,treino
5215231,treino
5215256,treino
5215306,validacao
5215405,validacao
5215504,treino
5215603,treino
5215652,treino
5215702,teste
5215801,treino
5215900,treino
5216007,validacao
5216304,validacao
5216403,teste
5216452,validacao
5216809,validacao
5216908,teste
5217104,teste
5217203,teste
5217302,validacao
5217401,treino
5217609,treino
5217708,treino
5218003,treino
5218052,treino
5218102,treino
5218300,treino
5218391,validacao
5218508,treino
5218607,treino
5218706,validacao
5218789,treino
5218805,teste
5218904,teste
5219001,treino
5219100,treino
5219209,teste
5219258,treino
5219357,treino
5219407,validacao
5219456,teste
5219506,teste
5219605,treino
5219704,teste
5219712,validacao
5219738,treino
5219753,treino
5219803,treino
5219902,treino
5220009,treino
5220058,teste
5220108,treino
5220157,treino
5220207,treino
5220264,treino
5220280,treino
5220405,treino
5220454,treino
5220504,teste
5220603,treino
5220686,treino
5220702,validacao
5221007,teste
5221080,treino
5221197,treino
5221304,treino
5221403,validacao
5221452,treino
5221502,treino
5221551,treino
5221577,teste
5221601,treino
5221700,teste
5221809,treino
5221858,teste
5221908,treino
5222005,teste
5222054,treino
5222203,treino
5222302,treino
5300108,validacao
